--
-- Script was generated by Devart dbForge Studio 2019 for MySQL, Version 8.1.22.0
-- Product home page: http://www.devart.com/dbforge/mysql/studio
-- Script date 5/15/2020 11:08:41 PM
-- Server version: 5.5.5-10.3.16-MariaDB
-- Client version: 4.1
--

-- 
-- Disable foreign keys
-- 
/*!40014 SET @OLD_FOREIGN_KEY_CHECKS=@@FOREIGN_KEY_CHECKS, FOREIGN_KEY_CHECKS=0 */;

-- 
-- Set SQL mode
-- 
/*!40101 SET @OLD_SQL_MODE=@@SQL_MODE, SQL_MODE='NO_AUTO_VALUE_ON_ZERO' */;

-- 
-- Set character set the client will use to send SQL statements to the server
--
SET NAMES 'utf8';

--
-- Set default database
--
USE `saloon managemnet`;

--
-- Drop table `appointment`
--
DROP TABLE IF EXISTS appointment;

--
-- Drop table `customer`
--
DROP TABLE IF EXISTS customer;

--
-- Drop table `payment`
--
DROP TABLE IF EXISTS payment;

--
-- Drop table `user`
--
DROP TABLE IF EXISTS user;

--
-- Drop table `attendence`
--
DROP TABLE IF EXISTS attendence;

--
-- Drop table `employee`
--
DROP TABLE IF EXISTS employee;

--
-- Set default database
--
USE `saloon managemnet`;

--
-- Create table `employee`
--
CREATE TABLE employee (
  eid int(11) NOT NULL AUTO_INCREMENT,
  Ename varchar(255) DEFAULT NULL,
  address varchar(255) DEFAULT NULL,
  tellNo varchar(255) DEFAULT NULL,
  dob varchar(255) DEFAULT NULL,
  nicNo varchar(15) DEFAULT NULL,
  PRIMARY KEY (eid)
)
ENGINE = INNODB,
AUTO_INCREMENT = 60,
AVG_ROW_LENGTH = 4096,
CHARACTER SET latin1,
COLLATE latin1_swedish_ci;

--
-- Create table `attendence`
--
CREATE TABLE attendence (
  Attid int(11) NOT NULL AUTO_INCREMENT,
  Date varchar(255) DEFAULT NULL,
  Eid int(11) DEFAULT NULL,
  PA varchar(255) DEFAULT NULL,
  PRIMARY KEY (Attid)
)
ENGINE = INNODB,
AUTO_INCREMENT = 96,
AVG_ROW_LENGTH = 564,
CHARACTER SET latin1,
COLLATE latin1_swedish_ci;

--
-- Create foreign key
--
ALTER TABLE attendence
ADD CONSTRAINT FK_attendence_employee_eid FOREIGN KEY (Eid)
REFERENCES employee (eid) ON DELETE NO ACTION ON UPDATE NO ACTION;

--
-- Create table `user`
--
CREATE TABLE user (
  ID int(11) NOT NULL AUTO_INCREMENT,
  UserName varchar(255) DEFAULT NULL,
  Password varchar(255) DEFAULT NULL,
  Priviladge varchar(255) DEFAULT NULL,
  email varchar(50) DEFAULT NULL,
  Phone varchar(255) DEFAULT NULL,
  PRIMARY KEY (ID)
)
ENGINE = INNODB,
AUTO_INCREMENT = 2,
AVG_ROW_LENGTH = 16384,
CHARACTER SET latin1,
COLLATE latin1_swedish_ci;

--
-- Create table `payment`
--
CREATE TABLE payment (
  Pid int(11) NOT NULL AUTO_INCREMENT,
  Payment double DEFAULT NULL,
  Cid int(11) DEFAULT NULL,
  Eid int(11) DEFAULT NULL,
  Date varchar(255) DEFAULT NULL,
  price double DEFAULT NULL,
  PRIMARY KEY (Pid)
)
ENGINE = INNODB,
AUTO_INCREMENT = 23,
AVG_ROW_LENGTH = 8192,
CHARACTER SET latin1,
COLLATE latin1_swedish_ci;

--
-- Create table `customer`
--
CREATE TABLE customer (
  Cid int(11) NOT NULL AUTO_INCREMENT,
  Name varchar(50) DEFAULT NULL,
  TellNo varchar(255) DEFAULT NULL,
  Address varchar(255) DEFAULT NULL,
  PRIMARY KEY (Cid)
)
ENGINE = INNODB,
AUTO_INCREMENT = 23,
AVG_ROW_LENGTH = 2730,
CHARACTER SET latin1,
COLLATE latin1_swedish_ci;

--
-- Create table `appointment`
--
CREATE TABLE appointment (
  Aid int(11) NOT NULL AUTO_INCREMENT,
  date varchar(255) DEFAULT NULL,
  Cid varchar(255) DEFAULT NULL,
  Eid varchar(255) DEFAULT NULL,
  Payment varchar(255) DEFAULT NULL,
  Time varchar(255) DEFAULT NULL,
  PRIMARY KEY (Aid)
)
ENGINE = INNODB,
AUTO_INCREMENT = 64,
AVG_ROW_LENGTH = 4096,
CHARACTER SET latin1,
COLLATE latin1_swedish_ci;

-- 
-- Dumping data for table employee
--
INSERT INTO employee VALUES
(5, 'dilhara', 'nochchiyagama', '0123456789', '1234-09-12 00:00:00', 'System.Byte[]'),
(44, 'aaaa', 'aaaaa', '0251406300', '23/03/2020', '451524780v'),
(45, 'vdfvdvdsvs', 'vdsvsvdsavacasc', '621654812', '23/03/2020', '165165486v'),
(50, 'saduni', 'nnnnn', 'nnnnnnnn', '28/09/1994', 'nnnnn'),
(52, 'appleab', 'adadadada', '0114578965', '0.004620462046039603', '457824530v'),
(55, 'nimal', 'anuradhapura', '0774586122', '14/07/1994', '954781520v'),
(56, 'kamal', 'polonnaruwa', '0778549152', '06/06/1995', '954875150v'),
(58, 'qqqq', 'fesf sgrgzfg', '46516514', '15/05/2020', '82646514v'),
(59, 'utgvfytcycf r6f 6f6 ', 'yrd 6rf6f y tgf gy fd', '51489123', '15/05/2020', '03141980v');

-- 
-- Dumping data for table user
--
INSERT INTO user VALUES
(1, 'saduni', '123', 'Admin', NULL, NULL);

-- 
-- Dumping data for table payment
--
INSERT INTO payment VALUES
(1, 1000, 1, 1, '2000-02-08 00:00:00', NULL),
(2, 2000, 2, 5, '2020-02-16 00:00:00', NULL),
(3, 5000, 6, 4, '2020-02-16 00:00:00', NULL),
(4, 10000, 5, 8, '2020-02-19 00:00:00', NULL),
(5, 1000, 12, 44, '0000-00-00 00:00:00', NULL),
(6, 100, 20, 50, ' 12-05-2020', NULL),
(7, 5000, 10, 50, ' 12-05-2020', NULL),
(8, 100, 6, 52, ' 14-05-2020', NULL),
(9, 10000, 12, 44, '23-03-2020', NULL),
(10, 100, 9, 55, ' 15-05-2020', NULL),
(11, 0, 0, 0, '', NULL),
(12, 150, 9, 55, ' 15-05-2020', NULL),
(13, 999, 6, 52, ' 14-05-2020', NULL),
(14, 900, 21, 5, ' 12-05-2020', NULL),
(15, 900, 21, 50, ' 15-05-2020', 1000),
(16, 900, 21, 50, ' 15-05-2020', 1000),
(17, 900, 10, 45, ' 14-05-2020', 1000),
(18, 1000, 6, 5, ' 15-05-2020', 0),
(19, 1000, 12, 55, ' 15-05-2020', 1000),
(20, 1000, 21, 5, ' 15-05-2020', 1000),
(21, 800, 20, 44, ' 15-05-2020', 1000),
(22, 1000, 0, 50, ' 15-05-2020', 1000);

-- 
-- Dumping data for table customer
--
INSERT INTO customer VALUES
(6, 'kauruhari', '1554789662', 'dw ewtgf rtg twg r'),
(9, 'aaaaa', '111111111', 'aaaaaaaaaaaa'),
(10, 'bbbbbbbbbb', '2222222', 'bbbbbbbbbbb'),
(12, 'wwwww', '6666', 'wwwwwww'),
(19, 'nimal', '0774145612', 'polonnaruwa'),
(20, 'amal', '0774586199', 'polonnaruwa'),
(21, 'jaya', '0775916722', 'nochchiyagama'),
(22, 'ad', '00000', 'aaaaa');

-- 
-- Dumping data for table attendence
--
INSERT INTO attendence VALUES
(50, '23/02/2020', 44, 'Abcence'),
(51, '23/02/2020', 45, 'Abcence'),
(53, '24/43/2020', 5, 'Pracence'),
(55, '24/44/2020', 5, 'Pracence'),
(56, '24/44/2020', 5, 'Pracence'),
(60, '24/28/2020', 50, 'Pracence'),
(64, '26/03/2020', 44, 'Pracence'),
(65, '26/14/2020', 52, 'Pracence'),
(66, '26/14/2020', 45, 'Abcence'),
(69, '28/00/2020', 52, 'Abcence'),
(71, '28/06/2020', 55, 'Pracence'),
(72, '28/06/2020', 52, 'Abcence'),
(73, '28/08/2020', 56, 'Pracence'),
(74, '28/08/2020', 5, 'Abcence'),
(75, '28/09/2020', 56, 'Abcence'),
(77, '12/05/2020', 45, 'Pracence'),
(78, '12/11/2020', 45, 'Pracence'),
(79, '12/12/2020', 55, 'Pracence'),
(80, '12/12/2020', 56, 'Pracence'),
(81, '12/13/2020', 44, 'Abcence'),
(82, '13/05/2020', 56, 'Pracence'),
(83, '13/05/2020', 50, 'Pracence'),
(84, '13/05/2020', 50, 'Abcence'),
(85, '13/05/2020', 55, 'Pracence'),
(86, '13/05/2020', 45, 'Pracence'),
(87, '14/05/2020', 52, 'Pracence'),
(88, '14/05/2020', 50, 'Pracence'),
(89, '14/05/2020', 5, 'Pracence'),
(90, '14/05/2020', 44, 'Pracence'),
(91, '14/05/2020', 50, 'Pracence'),
(92, '15/05/2020', 50, 'Pracence'),
(93, '15/05/2020', 56, 'Pracence'),
(94, '15/05/2020', 55, 'Pracence'),
(95, '15/05/2020', 5, 'Pracence');

-- 
-- Dumping data for table appointment
--
INSERT INTO appointment VALUES
(35, '23-03-2020', '12', '44', '1000', '02:12 AM'),
(45, ' 28-03-2020', '19', '56', '1000', '01:10 AM'),
(47, ' 12-05-2020', '10', '50', '500', '07:09 AM'),
(49, ' 12-05-2020', '20', '50', '100', '04:00 PM'),
(53, ' 14-05-2020', '6', '45', '100', '12:32 AM'),
(63, ' 15-05-2020', '20', '50', '', '07:42 PM');

-- 
-- Restore previous SQL mode
-- 
/*!40101 SET SQL_MODE=@OLD_SQL_MODE */;

-- 
-- Enable foreign keys
-- 
/*!40014 SET FOREIGN_KEY_CHECKS = @OLD_FOREIGN_KEY_CHECKS */;